{"cameraMode":{"drawMode":0,"name":"Shaded","section":"Shading Mode"},"sceneLighting":true,"audioPlay":false,"sceneViewState":{"m_AlwaysRefresh":false,"showFog":true,"showSkybox":false,"showFlares":true,"showImageEffects":true,"showParticleSystems":true,"showVisualEffectGraphs":true,"m_FxEnabled":true},"in2DMode":false,"pivot":{"x":7.875000953674316,"y":0.0227205753326416,"z":-2.2188756465911867},"rotation":{"x":0.13097119331359864,"y":0.8608527779579163,"z":-0.27795007824897768,"w":0.40564486384391787},"size":3.3500001430511476,"orthographic":false}