{"cameraMode":{"drawMode":0,"name":"Shaded","section":"Shading Mode"},"sceneLighting":false,"audioPlay":false,"sceneViewState":{"m_AlwaysRefresh":false,"showFog":true,"showSkybox":false,"showFlares":true,"showImageEffects":true,"showParticleSystems":true,"showVisualEffectGraphs":true,"m_FxEnabled":true},"in2DMode":false,"pivot":{"x":7.258845329284668,"y":-0.5347938537597656,"z":-11.612794876098633},"rotation":{"x":0.04097241908311844,"y":0.9179357290267944,"z":-0.09841923415660858,"w":0.38214409351348879},"size":12.004175186157227,"orthographic":false}