{"cameraMode":{"drawMode":0,"name":"Shaded","section":"Shading Mode"},"sceneLighting":true,"audioPlay":false,"sceneViewState":{"m_AlwaysRefresh":false,"showFog":true,"showSkybox":false,"showFlares":true,"showImageEffects":true,"showParticleSystems":true,"showVisualEffectGraphs":true,"m_FxEnabled":true},"in2DMode":false,"pivot":{"x":-1.3680317401885987,"y":1.5710374116897584,"z":0.6678662300109863},"rotation":{"x":0.059633105993270877,"y":-0.8545562028884888,"z":0.10071024298667908,"w":0.5060022473335266},"size":2.400017261505127,"orthographic":false}