{"cameraMode":{"drawMode":0,"name":"Shaded","section":"Shading Mode"},"sceneLighting":true,"audioPlay":false,"sceneViewState":{"m_AlwaysRefresh":false,"showFog":true,"showSkybox":false,"showFlares":true,"showImageEffects":true,"showParticleSystems":true,"showVisualEffectGraphs":true,"m_FxEnabled":true},"in2DMode":false,"pivot":{"x":-0.2544751763343811,"y":1.4119999408721924,"z":0.9960775971412659},"rotation":{"x":0.059633105993270877,"y":-0.8545562028884888,"z":0.10071024298667908,"w":0.5060022473335266},"size":1.7200002670288087,"orthographic":false}