{"cameraMode":{"drawMode":0,"name":"Shaded","section":"Shading Mode"},"sceneLighting":false,"audioPlay":false,"sceneViewState":{"m_AlwaysRefresh":false,"showFog":true,"showSkybox":false,"showFlares":true,"showImageEffects":true,"showParticleSystems":true,"showVisualEffectGraphs":true,"m_FxEnabled":true},"in2DMode":false,"pivot":{"x":7.650665760040283,"y":-1.8103656768798829,"z":0.09871411323547363},"rotation":{"x":0.0068682413548231129,"y":0.983374834060669,"z":0.03806597739458084,"w":-0.17743545770645142},"size":12.929677963256836,"orthographic":false}