{"cameraMode":{"drawMode":0,"name":"Shaded","section":"Shading Mode"},"sceneLighting":true,"audioPlay":false,"sceneViewState":{"m_AlwaysRefresh":false,"showFog":true,"showSkybox":false,"showFlares":true,"showImageEffects":true,"showParticleSystems":true,"showVisualEffectGraphs":true,"m_FxEnabled":true},"in2DMode":false,"pivot":{"x":-0.5059446096420288,"y":1.9159783124923707,"z":-0.050626955926418307},"rotation":{"x":0.31600090861320498,"y":0.44527265429496767,"z":-0.1715794801712036,"w":0.820038378238678},"size":0.000017335431039100513,"orthographic":false}