{"cameraMode":{"drawMode":0,"name":"Shaded","section":"Shading Mode"},"sceneLighting":true,"audioPlay":false,"sceneViewState":{"m_AlwaysRefresh":false,"showFog":true,"showSkybox":true,"showFlares":true,"showImageEffects":true,"showParticleSystems":true,"showVisualEffectGraphs":true,"m_FxEnabled":true},"in2DMode":false,"pivot":{"x":84.69541931152344,"y":-21.329988479614259,"z":13.144790649414063},"rotation":{"x":-0.17403724789619447,"y":-0.09979263693094254,"z":0.017475642263889314,"w":-0.9795601963996887},"size":62.0777587890625,"orthographic":false}